영단어,뜻1,뜻2,뜻3
about,약,대하여
after,후에,뒤에
again,다시,한 번 더
answer,대답,정답,대답하다
begin,시작하다
bring,가져오다,데려오다
busy,바쁜
buy,사다,구입하다
call,부르다,전화하다,전화
carry,나르다,가지고 다니다
change,바꾸다,변화,잔돈
clean,깨끗한,청소하다
close,닫다,가까운
different,다른,여러 가지의
early,일찍,이른
enough,충분한,충분히
favorite,가장 좋아하는,가장 좋아하는 것
feel,느끼다,기분이 들다
find,찾다,발견하다
finish,끝내다,끝나다
future,미래,장래
important,중요한
kind,친절한,종류
learn,배우다,알게 되다
leave,떠나다,남기다
light,빛,가벼운,불을 켜다
maybe,아마,어쩌면
minute,분,잠깐
move,움직이다,이사하다
practice,연습하다,연습
question,질문,문제
remember,기억하다,잊지 않다
right,옳은,오른쪽,권리
same,같은,동일한
sound,소리,들리다,건강한
still,아직,여전히,가만히
strong,강한,튼튼한
study,공부하다,공부
turn,돌다,차례,돌리다
usually,보통,대개
watch,보다,손목시계
without,~없이
world,세계,세상